[
      {
        "instrument": "Piano",
        "class_name": "Piano Prodigies",
        "class_image": "piano.jpg",
        "instructor_name": "Emily Anderson",
        "available_seats": 10,
        "price": 50,
        "enrolled_students": 5
      },
      {
        "instrument": "Violin",
        "class_name": "Vibrant Violins",
        "class_image": "violin.jpg",
        "instructor_name": "David Thompson",
        "available_seats": 25,
        "price": 60,
        "enrolled_students": 10
      },
      {
        "instrument": "Guitar",
        "class_name": "Guitar Grooves",
        "class_image": "guitar.jpg",
        "instructor_name": "Sarah Mitchell",
        "available_seats": 30,
        "price": 55,
        "enrolled_students": 14
      },
      {
        "instrument": "Cello",
        "class_name": "Cello Sensations",
        "class_image": "cello.jpg",
        "instructor_name": "Michael Davis",
        "available_seats": 16,
        "price": 65,
        "enrolled_students": 4
      },
      {
        "instrument": "Drums",
        "class_name": "Dynamic Drumming",
        "class_image": "drums.jpg",
        "instructor_name": "Joshua Roberts",
        "available_seats": 18,
        "price": 60,
        "enrolled_students": 6
      },
      {
        "instrument": "Saxophone",
        "class_name": "Saxophone Serenades",
        "class_image": "saxophone.jpg",
        "instructor_name": "Olivia Wilson",
        "available_seats": 15,
        "price": 70,
        "enrolled_students": 3
      },
      {
        "instrument": "Flute",
        "class_name": "Flute Finesse",
        "class_image": "flute.jpg",
        "instructor_name": "Sophia Evans",
        "available_seats": 16,
        "price": 50,
        "enrolled_students": 4
      },
      {
        "instrument": "Trumpet",
        "class_name": "Trumpet Triumph",
        "class_image": "trumpet.jpg",
        "instructor_name": "Daniel Adams",
        "available_seats": 15,
        "price": 70,
        "enrolled_students": 3
      },
      {
        "instrument": "Harp",
        "class_name": "Harmony Harpists",
        "class_image": "harp.jpg",
        "instructor_name": "Grace Thompson",
        "available_seats": 20,
        "price": 80,
        "enrolled_students": 4
      },
      {
        "instrument": "Clarinet",
        "class_name": "Clarinet Concerto",
        "class_image": "clarinet.jpg",
        "instructor_name": "Benjamin Wright",
        "available_seats": 20,
        "price": 55,
        "enrolled_students": 3
      },
      {
        "instrument": "Trombone",
        "class_name": "Trombone Tunes",
        "class_image": "trombone.jpg",
        "instructor_name": "Jessica Nelson",
        "available_seats": 15,
        "price": 65,
        "enrolled_students": 3
      }
    ]
  
  